training_step,original_training_step,eval_connection_error_rate,eval_connection_success_rate,validation_base_reward_raw,validation_base_reward,validation_base_reward_source_run_id,validation_base_reward_source_run_name,validation_base_reward_source_created_at,validation_base_reward_source_wandb_step,validation_medal_count_raw,validation_medal_count,validation_medal_count_source_run_id,validation_medal_count_source_run_name,validation_medal_count_source_created_at,validation_medal_count_source_wandb_step,rollout_base_reward,rollout_base_reward_source_run_id,rollout_base_reward_source_run_name,rollout_base_reward_source_created_at,rollout_base_reward_source_wandb_step
0,570,,,,,,,,,,,,,,,0.179609899277,dscyldfz,qwen36_35b_a3b_sft3ep_rlmixed_b_16x16-20260707193506,2026-07-07T19:37:35Z,0
1,571,,,,,,,,,,,,,,,0.226161976256,dscyldfz,qwen36_35b_a3b_sft3ep_rlmixed_b_16x16-20260707193506,2026-07-07T19:37:35Z,5
2,572,,,,,,,,,,,,,,,0.207445800493,dscyldfz,qwen36_35b_a3b_sft3ep_rlmixed_b_16x16-20260707193506,2026-07-07T19:37:35Z,10
3,573,,,,,,,,,,,,,,,0.150833747184,dscyldfz,qwen36_35b_a3b_sft3ep_rlmixed_b_16x16-20260707193506,2026-07-07T19:37:35Z,15
4,574,0,1,0.143887275797,0.143887275797,dscyldfz,qwen36_35b_a3b_sft3ep_rlmixed_b_16x16-20260707193506,2026-07-07T19:37:35Z,25,8,8,dscyldfz,qwen36_35b_a3b_sft3ep_rlmixed_b_16x16-20260707193506,2026-07-07T19:37:35Z,25,0.215697079957,dscyldfz,qwen36_35b_a3b_sft3ep_rlmixed_b_16x16-20260707193506,2026-07-07T19:37:35Z,20
5,575,,,,,,,,,,,,,,,0.148302694454,dscyldfz,qwen36_35b_a3b_sft3ep_rlmixed_b_16x16-20260707193506,2026-07-07T19:37:35Z,26
6,576,,,,,,,,,,,,,,,0.245420534252,dscyldfz,qwen36_35b_a3b_sft3ep_rlmixed_b_16x16-20260707193506,2026-07-07T19:37:35Z,31
7,577,,,,,,,,,,,,,,,0.168106498435,dscyldfz,qwen36_35b_a3b_sft3ep_rlmixed_b_16x16-20260707193506,2026-07-07T19:37:35Z,36
8,578,,,,,,,,,,,,,,,0.290020974721,dscyldfz,qwen36_35b_a3b_sft3ep_rlmixed_b_16x16-20260707193506,2026-07-07T19:37:35Z,41
9,579,0,1,0.155306514261,0.155306514261,dscyldfz,qwen36_35b_a3b_sft3ep_rlmixed_b_16x16-20260707193506,2026-07-07T19:37:35Z,51,7,7,dscyldfz,qwen36_35b_a3b_sft3ep_rlmixed_b_16x16-20260707193506,2026-07-07T19:37:35Z,51,0.210340714778,dscyldfz,qwen36_35b_a3b_sft3ep_rlmixed_b_16x16-20260707193506,2026-07-07T19:37:35Z,46
10,580,,,,,,,,,,,,,,,0.271455776422,dscyldfz,qwen36_35b_a3b_sft3ep_rlmixed_b_16x16-20260707193506,2026-07-07T19:37:35Z,52
11,581,,,,,,,,,,,,,,,0.203044645992,dscyldfz,qwen36_35b_a3b_sft3ep_rlmixed_b_16x16-20260707193506,2026-07-07T19:37:35Z,57
12,582,,,,,,,,,,,,,,,0.324437101569,dscyldfz,qwen36_35b_a3b_sft3ep_rlmixed_b_16x16-20260707193506,2026-07-07T19:37:35Z,62
13,583,,,,,,,,,,,,,,,0.251140557246,dscyldfz,qwen36_35b_a3b_sft3ep_rlmixed_b_16x16-20260707193506,2026-07-07T19:37:35Z,67
14,584,0,1,0.202066888936,0.202066888936,dscyldfz,qwen36_35b_a3b_sft3ep_rlmixed_b_16x16-20260707193506,2026-07-07T19:37:35Z,77,10,10,dscyldfz,qwen36_35b_a3b_sft3ep_rlmixed_b_16x16-20260707193506,2026-07-07T19:37:35Z,77,0.260742196973,dscyldfz,qwen36_35b_a3b_sft3ep_rlmixed_b_16x16-20260707193506,2026-07-07T19:37:35Z,72
15,585,,,,,,,,,,,,,,,0.189876740343,dscyldfz,qwen36_35b_a3b_sft3ep_rlmixed_b_16x16-20260707193506,2026-07-07T19:37:35Z,78
16,586,,,,,,,,,,,,,,,0.23863334718,dscyldfz,qwen36_35b_a3b_sft3ep_rlmixed_b_16x16-20260707193506,2026-07-07T19:37:35Z,83
17,587,,,,,,,,,,,,,,,0.216159759097,dscyldfz,qwen36_35b_a3b_sft3ep_rlmixed_b_16x16-20260707193506,2026-07-07T19:37:35Z,88
18,588,,,,,,,,,,,,,,,0.258321927713,dscyldfz,qwen36_35b_a3b_sft3ep_rlmixed_b_16x16-20260707193506,2026-07-07T19:37:35Z,93
19,589,0,1,0.171698836025,0.171698836025,dscyldfz,qwen36_35b_a3b_sft3ep_rlmixed_b_16x16-20260707193506,2026-07-07T19:37:35Z,103,11,11,dscyldfz,qwen36_35b_a3b_sft3ep_rlmixed_b_16x16-20260707193506,2026-07-07T19:37:35Z,103,0.270561554234,dscyldfz,qwen36_35b_a3b_sft3ep_rlmixed_b_16x16-20260707193506,2026-07-07T19:37:35Z,98
20,590,,,,,,,,,,,,,,,0.332757763355,dscyldfz,qwen36_35b_a3b_sft3ep_rlmixed_b_16x16-20260707193506,2026-07-07T19:37:35Z,104
21,591,,,,,,,,,,,,,,,0.231009796879,dscyldfz,qwen36_35b_a3b_sft3ep_rlmixed_b_16x16-20260707193506,2026-07-07T19:37:35Z,109
22,592,,,,,,,,,,,,,,,0.182413468127,dscyldfz,qwen36_35b_a3b_sft3ep_rlmixed_b_16x16-20260707193506,2026-07-07T19:37:35Z,114
23,593,,,,,,,,,,,,,,,0.281866266629,dscyldfz,qwen36_35b_a3b_sft3ep_rlmixed_b_16x16-20260707193506,2026-07-07T19:37:35Z,119
24,594,0,1,0.192354450433,0.192354450433,dscyldfz,qwen36_35b_a3b_sft3ep_rlmixed_b_16x16-20260707193506,2026-07-07T19:37:35Z,129,8,8,dscyldfz,qwen36_35b_a3b_sft3ep_rlmixed_b_16x16-20260707193506,2026-07-07T19:37:35Z,129,0.254663465962,dscyldfz,qwen36_35b_a3b_sft3ep_rlmixed_b_16x16-20260707193506,2026-07-07T19:37:35Z,124
25,595,,,,,,,,,,,,,,,0.239926994569,dscyldfz,qwen36_35b_a3b_sft3ep_rlmixed_b_16x16-20260707193506,2026-07-07T19:37:35Z,130
26,596,,,,,,,,,,,,,,,0.233135364951,dscyldfz,qwen36_35b_a3b_sft3ep_rlmixed_b_16x16-20260707193506,2026-07-07T19:37:35Z,135
27,597,,,,,,,,,,,,,,,0.282090257917,dscyldfz,qwen36_35b_a3b_sft3ep_rlmixed_b_16x16-20260707193506,2026-07-07T19:37:35Z,140
28,598,,,,,,,,,,,,,,,0.197349167184,dscyldfz,qwen36_35b_a3b_sft3ep_rlmixed_b_16x16-20260707193506,2026-07-07T19:37:35Z,145
29,599,0,1,0.161120462859,0.161120462859,dscyldfz,qwen36_35b_a3b_sft3ep_rlmixed_b_16x16-20260707193506,2026-07-07T19:37:35Z,155,11,11,dscyldfz,qwen36_35b_a3b_sft3ep_rlmixed_b_16x16-20260707193506,2026-07-07T19:37:35Z,155,0.171573373025,dscyldfz,qwen36_35b_a3b_sft3ep_rlmixed_b_16x16-20260707193506,2026-07-07T19:37:35Z,150
30,600,0,1,0.166959441209,0.166959441209,ydf0eilw,qwen36_35b_a3b_sft3ep_rlmixed_b_16x16_resume599_hack128_4x2_max13824-20260712014544,2026-07-11T17:46:22Z,0,12,12,ydf0eilw,qwen36_35b_a3b_sft3ep_rlmixed_b_16x16_resume599_hack128_4x2_max13824-20260712014544,2026-07-11T17:46:22Z,0,0.368574733261,ydf0eilw,qwen36_35b_a3b_sft3ep_rlmixed_b_16x16_resume599_hack128_4x2_max13824-20260712014544,2026-07-11T17:46:22Z,1
31,601,,,,,,,,,,,,,,,0.291912155673,ydf0eilw,qwen36_35b_a3b_sft3ep_rlmixed_b_16x16_resume599_hack128_4x2_max13824-20260712014544,2026-07-11T17:46:22Z,6
32,602,,,,,,,,,,,,,,,0.325101609713,ydf0eilw,qwen36_35b_a3b_sft3ep_rlmixed_b_16x16_resume599_hack128_4x2_max13824-20260712014544,2026-07-11T17:46:22Z,11
33,603,,,,,,,,,,,,,,,0.245732838941,ydf0eilw,qwen36_35b_a3b_sft3ep_rlmixed_b_16x16_resume599_hack128_4x2_max13824-20260712014544,2026-07-11T17:46:22Z,16
34,604,0,1,0.180081879971,0.180081879971,ydf0eilw,qwen36_35b_a3b_sft3ep_rlmixed_b_16x16_resume599_hack128_4x2_max13824-20260712014544,2026-07-11T17:46:22Z,26,9,9,ydf0eilw,qwen36_35b_a3b_sft3ep_rlmixed_b_16x16_resume599_hack128_4x2_max13824-20260712014544,2026-07-11T17:46:22Z,26,0.283005372164,ydf0eilw,qwen36_35b_a3b_sft3ep_rlmixed_b_16x16_resume599_hack128_4x2_max13824-20260712014544,2026-07-11T17:46:22Z,21
35,605,,,,,,,,,,,,,,,0.270363386486,ydf0eilw,qwen36_35b_a3b_sft3ep_rlmixed_b_16x16_resume599_hack128_4x2_max13824-20260712014544,2026-07-11T17:46:22Z,27
36,606,,,,,,,,,,,,,,,0.291090347332,ydf0eilw,qwen36_35b_a3b_sft3ep_rlmixed_b_16x16_resume599_hack128_4x2_max13824-20260712014544,2026-07-11T17:46:22Z,32
37,607,,,,,,,,,,,,,,,0.355120510101,ydf0eilw,qwen36_35b_a3b_sft3ep_rlmixed_b_16x16_resume599_hack128_4x2_max13824-20260712014544,2026-07-11T17:46:22Z,37
38,608,,,,,,,,,,,,,,,0.314199445303,ydf0eilw,qwen36_35b_a3b_sft3ep_rlmixed_b_16x16_resume599_hack128_4x2_max13824-20260712014544,2026-07-11T17:46:22Z,42
39,609,,,,,,,,,,,,,,,0.283725998803,ydf0eilw,qwen36_35b_a3b_sft3ep_rlmixed_b_16x16_resume599_hack128_4x2_max13824-20260712014544,2026-07-11T17:46:22Z,47
40,610,0,1,0.146638151265,0.146638151265,wiymzyp1,qwen36_35b_a3b_sft3ep_rlmixed_b_16x16_resume609_legacyroot_datasource-20260713091402,2026-07-13T09:14:36Z,0,4,4,wiymzyp1,qwen36_35b_a3b_sft3ep_rlmixed_b_16x16_resume609_legacyroot_datasource-20260713091402,2026-07-13T09:14:36Z,0,0.206783973166,wiymzyp1,qwen36_35b_a3b_sft3ep_rlmixed_b_16x16_resume609_legacyroot_datasource-20260713091402,2026-07-13T09:14:36Z,1
41,611,,,,,,,,,,,,,,,0.167400961779,wiymzyp1,qwen36_35b_a3b_sft3ep_rlmixed_b_16x16_resume609_legacyroot_datasource-20260713091402,2026-07-13T09:14:36Z,6
42,612,,,,,,,,,,,,,,,0.261817762585,wiymzyp1,qwen36_35b_a3b_sft3ep_rlmixed_b_16x16_resume609_legacyroot_datasource-20260713091402,2026-07-13T09:14:36Z,11
43,613,,,,,,,,,,,,,,,0.250333429289,wiymzyp1,qwen36_35b_a3b_sft3ep_rlmixed_b_16x16_resume609_legacyroot_datasource-20260713091402,2026-07-13T09:14:36Z,16
44,614,0,1,0.197300068022,0.197300068022,wiymzyp1,qwen36_35b_a3b_sft3ep_rlmixed_b_16x16_resume609_legacyroot_datasource-20260713091402,2026-07-13T09:14:36Z,26,17,17,wiymzyp1,qwen36_35b_a3b_sft3ep_rlmixed_b_16x16_resume609_legacyroot_datasource-20260713091402,2026-07-13T09:14:36Z,26,0.1929311028,wiymzyp1,qwen36_35b_a3b_sft3ep_rlmixed_b_16x16_resume609_legacyroot_datasource-20260713091402,2026-07-13T09:14:36Z,21
45,615,,,,,,,,,,,,,,,0.204602413841,wiymzyp1,qwen36_35b_a3b_sft3ep_rlmixed_b_16x16_resume609_legacyroot_datasource-20260713091402,2026-07-13T09:14:36Z,27
46,616,,,,,,,,,,,,,,,0.258701785604,wiymzyp1,qwen36_35b_a3b_sft3ep_rlmixed_b_16x16_resume609_legacyroot_datasource-20260713091402,2026-07-13T09:14:36Z,32
47,617,,,,,,,,,,,,,,,0.312935503567,wiymzyp1,qwen36_35b_a3b_sft3ep_rlmixed_b_16x16_resume609_legacyroot_datasource-20260713091402,2026-07-13T09:14:36Z,37
48,618,,,,,,,,,,,,,,,0.284576930631,wiymzyp1,qwen36_35b_a3b_sft3ep_rlmixed_b_16x16_resume609_legacyroot_datasource-20260713091402,2026-07-13T09:14:36Z,42
49,619,0,1,0.191083985224,0.191083985224,wiymzyp1,qwen36_35b_a3b_sft3ep_rlmixed_b_16x16_resume609_legacyroot_datasource-20260713091402,2026-07-13T09:14:36Z,52,14,14,wiymzyp1,qwen36_35b_a3b_sft3ep_rlmixed_b_16x16_resume609_legacyroot_datasource-20260713091402,2026-07-13T09:14:36Z,52,0.303367631399,wiymzyp1,qwen36_35b_a3b_sft3ep_rlmixed_b_16x16_resume609_legacyroot_datasource-20260713091402,2026-07-13T09:14:36Z,47
50,620,,,,,,,,,,,,,,,0.2472311977,wiymzyp1,qwen36_35b_a3b_sft3ep_rlmixed_b_16x16_resume609_legacyroot_datasource-20260713091402,2026-07-13T09:14:36Z,53
51,621,,,,,,,,,,,,,,,0.286623190473,wiymzyp1,qwen36_35b_a3b_sft3ep_rlmixed_b_16x16_resume609_legacyroot_datasource-20260713091402,2026-07-13T09:14:36Z,58
52,622,,,,,,,,,,,,,,,0.275848115922,wiymzyp1,qwen36_35b_a3b_sft3ep_rlmixed_b_16x16_resume609_legacyroot_datasource-20260713091402,2026-07-13T09:14:36Z,63
53,623,,,,,,,,,,,,,,,0.438613125821,wiymzyp1,qwen36_35b_a3b_sft3ep_rlmixed_b_16x16_resume609_legacyroot_datasource-20260713091402,2026-07-13T09:14:36Z,68
54,624,0,1,0.196660802098,0.196660802098,wiymzyp1,qwen36_35b_a3b_sft3ep_rlmixed_b_16x16_resume609_legacyroot_datasource-20260713091402,2026-07-13T09:14:36Z,78,10,10,wiymzyp1,qwen36_35b_a3b_sft3ep_rlmixed_b_16x16_resume609_legacyroot_datasource-20260713091402,2026-07-13T09:14:36Z,78,0.28847517307,wiymzyp1,qwen36_35b_a3b_sft3ep_rlmixed_b_16x16_resume609_legacyroot_datasource-20260713091402,2026-07-13T09:14:36Z,73
55,625,,,,,,,,,,,,,,,0.233292872162,wiymzyp1,qwen36_35b_a3b_sft3ep_rlmixed_b_16x16_resume609_legacyroot_datasource-20260713091402,2026-07-13T09:14:36Z,79
56,626,,,,,,,,,,,,,,,0.27201079295,wiymzyp1,qwen36_35b_a3b_sft3ep_rlmixed_b_16x16_resume609_legacyroot_datasource-20260713091402,2026-07-13T09:14:36Z,84
57,627,,,,,,,,,,,,,,,0.246756845905,wiymzyp1,qwen36_35b_a3b_sft3ep_rlmixed_b_16x16_resume609_legacyroot_datasource-20260713091402,2026-07-13T09:14:36Z,89
58,628,,,,,,,,,,,,,,,0.218490476673,wiymzyp1,qwen36_35b_a3b_sft3ep_rlmixed_b_16x16_resume609_legacyroot_datasource-20260713091402,2026-07-13T09:14:36Z,94
59,629,0,1,0.194191945045,0.194191945045,wiymzyp1,qwen36_35b_a3b_sft3ep_rlmixed_b_16x16_resume609_legacyroot_datasource-20260713091402,2026-07-13T09:14:36Z,104,12,12,wiymzyp1,qwen36_35b_a3b_sft3ep_rlmixed_b_16x16_resume609_legacyroot_datasource-20260713091402,2026-07-13T09:14:36Z,104,0.306388459425,wiymzyp1,qwen36_35b_a3b_sft3ep_rlmixed_b_16x16_resume609_legacyroot_datasource-20260713091402,2026-07-13T09:14:36Z,99
60,630,,,,,,,,,,,,,,,0.18345932717,t85884xb,qwen36_35b_resume629_async_formal_16x16-20260714210510,2026-07-14T21:05:50Z,0
61,631,,,,,,,,,,,,,,,0.139247267131,t85884xb,qwen36_35b_resume629_async_formal_16x16-20260714210510,2026-07-14T21:05:50Z,2
62,632,,,,,,,,,,,,,,,0.232888743514,t85884xb,qwen36_35b_resume629_async_formal_16x16-20260714210510,2026-07-14T21:05:50Z,10
63,633,,,,,,,,,,,,,,,0.219921356406,t85884xb,qwen36_35b_resume629_async_formal_16x16-20260714210510,2026-07-14T21:05:50Z,15
64,634,0,1,0.252498752178,0.252498752178,t85884xb,qwen36_35b_resume629_async_formal_16x16-20260714210510,2026-07-14T21:05:50Z,26,17,17,t85884xb,qwen36_35b_resume629_async_formal_16x16-20260714210510,2026-07-14T21:05:50Z,26,0.290819967748,t85884xb,qwen36_35b_resume629_async_formal_16x16-20260714210510,2026-07-14T21:05:50Z,20
65,635,,,,,,,,,,,,,,,0.272377472443,t85884xb,qwen36_35b_resume629_async_formal_16x16-20260714210510,2026-07-14T21:05:50Z,25
66,636,,,,,,,,,,,,,,,0.231998296425,t85884xb,qwen36_35b_resume629_async_formal_16x16-20260714210510,2026-07-14T21:05:50Z,27
67,637,,,,,,,,,,,,,,,0.217360001145,t85884xb,qwen36_35b_resume629_async_formal_16x16-20260714210510,2026-07-14T21:05:50Z,36
68,638,,,,,,,,,,,,,,,0.297799513537,t85884xb,qwen36_35b_resume629_async_formal_16x16-20260714210510,2026-07-14T21:05:50Z,41
69,639,0,1,0.234080038154,0.234080038154,t85884xb,qwen36_35b_resume629_async_formal_16x16-20260714210510,2026-07-14T21:05:50Z,52,14,14,t85884xb,qwen36_35b_resume629_async_formal_16x16-20260714210510,2026-07-14T21:05:50Z,52,0.34090263788,t85884xb,qwen36_35b_resume629_async_formal_16x16-20260714210510,2026-07-14T21:05:50Z,46
70,640,,,,,,,,,,,,,,,0.290640731092,t85884xb,qwen36_35b_resume629_async_formal_16x16-20260714210510,2026-07-14T21:05:50Z,51
71,641,,,,,,,,,,,,,,,0.327911108516,t85884xb,qwen36_35b_resume629_async_formal_16x16-20260714210510,2026-07-14T21:05:50Z,53
72,642,,,,,,,,,,,,,,,0.222552466502,t85884xb,qwen36_35b_resume629_async_formal_16x16-20260714210510,2026-07-14T21:05:50Z,62
73,643,,,,,,,,,,,,,,,0.266500219175,t85884xb,qwen36_35b_resume629_async_formal_16x16-20260714210510,2026-07-14T21:05:50Z,67
74,644,0,1,0.235967643086,0.235967643086,t85884xb,qwen36_35b_resume629_async_formal_16x16-20260714210510,2026-07-14T21:05:50Z,78,13,13,t85884xb,qwen36_35b_resume629_async_formal_16x16-20260714210510,2026-07-14T21:05:50Z,78,0.286026632853,t85884xb,qwen36_35b_resume629_async_formal_16x16-20260714210510,2026-07-14T21:05:50Z,72
75,645,,,,,,,,,,,,,,,0.289249026609,t85884xb,qwen36_35b_resume629_async_formal_16x16-20260714210510,2026-07-14T21:05:50Z,77
76,646,,,,,,,,,,,,,,,0.303927303922,t85884xb,qwen36_35b_resume629_async_formal_16x16-20260714210510,2026-07-14T21:05:50Z,79
77,647,,,,,,,,,,,,,,,0.401585722635,t85884xb,qwen36_35b_resume629_async_formal_16x16-20260714210510,2026-07-14T21:05:50Z,88
78,648,,,,,,,,,,,,,,,0.223672025025,t85884xb,qwen36_35b_resume629_async_formal_16x16-20260714210510,2026-07-14T21:05:50Z,93
79,649,0,1,0.251722074765,0.251722074765,t85884xb,qwen36_35b_resume629_async_formal_16x16-20260714210510,2026-07-14T21:05:50Z,104,16,16,t85884xb,qwen36_35b_resume629_async_formal_16x16-20260714210510,2026-07-14T21:05:50Z,104,0.328500346142,t85884xb,qwen36_35b_resume629_async_formal_16x16-20260714210510,2026-07-14T21:05:50Z,98
80,650,,,,,,,,,,,,,,,0.335533938507,t85884xb,qwen36_35b_resume629_async_formal_16x16-20260714210510,2026-07-14T21:05:50Z,103
81,651,,,,,,,,,,,,,,,0.356222294633,t85884xb,qwen36_35b_resume629_async_formal_16x16-20260714210510,2026-07-14T21:05:50Z,106
82,652,,,,,,,,,,,,,,,0.283336689195,t85884xb,qwen36_35b_resume629_async_formal_16x16-20260714210510,2026-07-14T21:05:50Z,114
83,653,,,,,,,,,,,,,,,0.21248898726,t85884xb,qwen36_35b_resume629_async_formal_16x16-20260714210510,2026-07-14T21:05:50Z,119
84,654,0,1,0.232849704499,0.232849704499,t85884xb,qwen36_35b_resume629_async_formal_16x16-20260714210510,2026-07-14T21:05:50Z,130,8,8,t85884xb,qwen36_35b_resume629_async_formal_16x16-20260714210510,2026-07-14T21:05:50Z,130,0.264508029034,t85884xb,qwen36_35b_resume629_async_formal_16x16-20260714210510,2026-07-14T21:05:50Z,124
85,655,,,,,,,,,,,,,,,0.257560324747,t85884xb,qwen36_35b_resume629_async_formal_16x16-20260714210510,2026-07-14T21:05:50Z,129
86,656,,,,,,,,,,,,,,,0.346950110385,t85884xb,qwen36_35b_resume629_async_formal_16x16-20260714210510,2026-07-14T21:05:50Z,133
87,657,,,,,,,,,,,,,,,0.167435978951,t85884xb,qwen36_35b_resume629_async_formal_16x16-20260714210510,2026-07-14T21:05:50Z,140
88,658,,,,,,,,,,,,,,,0.311165863885,t85884xb,qwen36_35b_resume629_async_formal_16x16-20260714210510,2026-07-14T21:05:50Z,145
89,659,0,1,0.143220552427,0.143220552427,t85884xb,qwen36_35b_resume629_async_formal_16x16-20260714210510,2026-07-14T21:05:50Z,156,12,12,t85884xb,qwen36_35b_resume629_async_formal_16x16-20260714210510,2026-07-14T21:05:50Z,156,0.30210443545,t85884xb,qwen36_35b_resume629_async_formal_16x16-20260714210510,2026-07-14T21:05:50Z,150
90,660,,,,,,,,,,,,,,,0.256527568988,t85884xb,qwen36_35b_resume629_async_formal_16x16-20260714210510,2026-07-14T21:05:50Z,155
91,661,,,,,,,,,,,,,,,0.301586929186,t85884xb,qwen36_35b_resume629_async_formal_16x16-20260714210510,2026-07-14T21:05:50Z,161
92,662,,,,,,,,,,,,,,,0.246671540112,t85884xb,qwen36_35b_resume629_async_formal_16x16-20260714210510,2026-07-14T21:05:50Z,166
93,663,,,,,,,,,,,,,,,0.282617919609,t85884xb,qwen36_35b_resume629_async_formal_16x16-20260714210510,2026-07-14T21:05:50Z,171
94,664,0,1,0.205580133252,0.205580133252,t85884xb,qwen36_35b_resume629_async_formal_16x16-20260714210510,2026-07-14T21:05:50Z,182,11,11,t85884xb,qwen36_35b_resume629_async_formal_16x16-20260714210510,2026-07-14T21:05:50Z,182,0.290662231858,t85884xb,qwen36_35b_resume629_async_formal_16x16-20260714210510,2026-07-14T21:05:50Z,176
95,665,,,,,,,,,,,,,,,0.28226321793,t85884xb,qwen36_35b_resume629_async_formal_16x16-20260714210510,2026-07-14T21:05:50Z,181
96,666,,,,,,,,,,,,,,,0.371625607393,t85884xb,qwen36_35b_resume629_async_formal_16x16-20260714210510,2026-07-14T21:05:50Z,183
97,667,,,,,,,,,,,,,,,0.336481847895,t85884xb,qwen36_35b_resume629_async_formal_16x16-20260714210510,2026-07-14T21:05:50Z,192
98,668,,,,,,,,,,,,,,,0.182804582012,t85884xb,qwen36_35b_resume629_async_formal_16x16-20260714210510,2026-07-14T21:05:50Z,197
99,669,0,1,0.206647050603,0.206647050603,t85884xb,qwen36_35b_resume629_async_formal_16x16-20260714210510,2026-07-14T21:05:50Z,208,10,10,t85884xb,qwen36_35b_resume629_async_formal_16x16-20260714210510,2026-07-14T21:05:50Z,208,0.26144950801,t85884xb,qwen36_35b_resume629_async_formal_16x16-20260714210510,2026-07-14T21:05:50Z,202
100,670,,,,,,,,,,,,,,,0.318788664569,t85884xb,qwen36_35b_resume629_async_formal_16x16-20260714210510,2026-07-14T21:05:50Z,207
101,671,,,,,,,,,,,,,,,0.186334459821,t85884xb,qwen36_35b_resume629_async_formal_16x16-20260714210510,2026-07-14T21:05:50Z,209
102,672,,,,,,,,,,,,,,,0.183782870583,t85884xb,qwen36_35b_resume629_async_formal_16x16-20260714210510,2026-07-14T21:05:50Z,218
103,673,,,,,,,,,,,,,,,0.271898450402,t85884xb,qwen36_35b_resume629_async_formal_16x16-20260714210510,2026-07-14T21:05:50Z,223
104,674,0.539772727273,0.460227272727,0.115567051264,0.251108654599,t85884xb,qwen36_35b_resume629_async_formal_16x16-20260714210510,2026-07-14T21:05:50Z,234,7,15.2098765432,t85884xb,qwen36_35b_resume629_async_formal_16x16-20260714210510,2026-07-14T21:05:50Z,234,0.189595015355,t85884xb,qwen36_35b_resume629_async_formal_16x16-20260714210510,2026-07-14T21:05:50Z,228
105,675,,,,,,,,,,,,,,,0.231629758155,t85884xb,qwen36_35b_resume629_async_formal_16x16-20260714210510,2026-07-14T21:05:50Z,233
106,676,,,,,,,,,,,,,,,0.272388622046,t85884xb,qwen36_35b_resume629_async_formal_16x16-20260714210510,2026-07-14T21:05:50Z,235
107,677,,,,,,,,,,,,,,,0.266315482947,t85884xb,qwen36_35b_resume629_async_formal_16x16-20260714210510,2026-07-14T21:05:50Z,244
108,678,,,,,,,,,,,,,,,0.175835004547,t85884xb,qwen36_35b_resume629_async_formal_16x16-20260714210510,2026-07-14T21:05:50Z,249
109,679,0,1,0.209642844642,0.209642844642,t85884xb,qwen36_35b_resume629_async_formal_16x16-20260714210510,2026-07-14T21:05:50Z,260,10,10,t85884xb,qwen36_35b_resume629_async_formal_16x16-20260714210510,2026-07-14T21:05:50Z,260,0.327493946103,t85884xb,qwen36_35b_resume629_async_formal_16x16-20260714210510,2026-07-14T21:05:50Z,254
110,680,,,,,,,,,,,,,,,0.231921454954,0poqgdt3,qwen36_35b_resume679_async_formal_16x16-20260717155950,2026-07-17T16:00:32Z,0
111,681,,,,,,,,,,,,,,,0.0866673950364,0poqgdt3,qwen36_35b_resume679_async_formal_16x16-20260717155950,2026-07-17T16:00:32Z,2
112,682,,,,,,,,,,,,,,,0.220336180552,0poqgdt3,qwen36_35b_resume679_async_formal_16x16-20260717155950,2026-07-17T16:00:32Z,7
113,683,,,,,,,,,,,,,,,0.396261988925,0poqgdt3,qwen36_35b_resume679_async_formal_16x16-20260717155950,2026-07-17T16:00:32Z,15
114,684,0,1,0.260253102667,0.260253102667,0poqgdt3,qwen36_35b_resume679_async_formal_16x16-20260717155950,2026-07-17T16:00:32Z,26,23,23,0poqgdt3,qwen36_35b_resume679_async_formal_16x16-20260717155950,2026-07-17T16:00:32Z,26,0.426573154739,0poqgdt3,qwen36_35b_resume679_async_formal_16x16-20260717155950,2026-07-17T16:00:32Z,20
115,685,,,,,,,,,,,,,,,0.307416070814,0poqgdt3,qwen36_35b_resume679_async_formal_16x16-20260717155950,2026-07-17T16:00:32Z,25
116,686,,,,,,,,,,,,,,,0.336762805581,0poqgdt3,qwen36_35b_resume679_async_formal_16x16-20260717155950,2026-07-17T16:00:32Z,28
117,687,,,,,,,,,,,,,,,0.415640617028,0poqgdt3,qwen36_35b_resume679_async_formal_16x16-20260717155950,2026-07-17T16:00:32Z,36
118,688,,,,,,,,,,,,,,,0.345223971588,0poqgdt3,qwen36_35b_resume679_async_formal_16x16-20260717155950,2026-07-17T16:00:32Z,41
119,689,0,1,0.348033846808,0.348033846808,0poqgdt3,qwen36_35b_resume679_async_formal_16x16-20260717155950,2026-07-17T16:00:32Z,52,26,26,0poqgdt3,qwen36_35b_resume679_async_formal_16x16-20260717155950,2026-07-17T16:00:32Z,52,0.311728121658,0poqgdt3,qwen36_35b_resume679_async_formal_16x16-20260717155950,2026-07-17T16:00:32Z,46
120,690,,,,,,,,,,,,,,,0.375628049893,0poqgdt3,qwen36_35b_resume679_async_formal_16x16-20260717155950,2026-07-17T16:00:32Z,51
121,691,,,,,,,,,,,,,,,0.352394016486,0poqgdt3,qwen36_35b_resume679_async_formal_16x16-20260717155950,2026-07-17T16:00:32Z,53
122,692,,,,,,,,,,,,,,,0.298537136881,0poqgdt3,qwen36_35b_resume679_async_formal_16x16-20260717155950,2026-07-17T16:00:32Z,62
123,693,,,,,,,,,,,,,,,0.299466052869,0poqgdt3,qwen36_35b_resume679_async_formal_16x16-20260717155950,2026-07-17T16:00:32Z,67
124,694,0,1,0.267647344047,0.267647344047,0poqgdt3,qwen36_35b_resume679_async_formal_16x16-20260717155950,2026-07-17T16:00:32Z,78,18,18,0poqgdt3,qwen36_35b_resume679_async_formal_16x16-20260717155950,2026-07-17T16:00:32Z,78,0.267487607741,0poqgdt3,qwen36_35b_resume679_async_formal_16x16-20260717155950,2026-07-17T16:00:32Z,72
125,695,,,,,,,,,,,,,,,0.475402480831,0poqgdt3,qwen36_35b_resume679_async_formal_16x16-20260717155950,2026-07-17T16:00:32Z,77
126,696,,,,,,,,,,,,,,,0.263197833002,0poqgdt3,qwen36_35b_resume679_async_formal_16x16-20260717155950,2026-07-17T16:00:32Z,79
127,697,,,,,,,,,,,,,,,0.317857175025,0poqgdt3,qwen36_35b_resume679_async_formal_16x16-20260717155950,2026-07-17T16:00:32Z,88
128,698,,,,,,,,,,,,,,,0.361121394219,0poqgdt3,qwen36_35b_resume679_async_formal_16x16-20260717155950,2026-07-17T16:00:32Z,93
129,699,0,1,0.361147272215,0.361147272215,0poqgdt3,qwen36_35b_resume679_async_formal_16x16-20260717155950,2026-07-17T16:00:32Z,104,26,26,0poqgdt3,qwen36_35b_resume679_async_formal_16x16-20260717155950,2026-07-17T16:00:32Z,104,0.364690646927,0poqgdt3,qwen36_35b_resume679_async_formal_16x16-20260717155950,2026-07-17T16:00:32Z,98
130,700,,,,,,,,,,,,,,,0.387041141114,0poqgdt3,qwen36_35b_resume679_async_formal_16x16-20260717155950,2026-07-17T16:00:32Z,103
131,701,,,,,,,,,,,,,,,0.347325871576,0poqgdt3,qwen36_35b_resume679_async_formal_16x16-20260717155950,2026-07-17T16:00:32Z,105
132,702,,,,,,,,,,,,,,,0.355846372325,0poqgdt3,qwen36_35b_resume679_async_formal_16x16-20260717155950,2026-07-17T16:00:32Z,114
133,703,,,,,,,,,,,,,,,0.172717089672,0poqgdt3,qwen36_35b_resume679_async_formal_16x16-20260717155950,2026-07-17T16:00:32Z,119
134,704,0,1,0.300187808653,0.300187808653,0poqgdt3,qwen36_35b_resume679_async_formal_16x16-20260717155950,2026-07-17T16:00:32Z,130,18,18,0poqgdt3,qwen36_35b_resume679_async_formal_16x16-20260717155950,2026-07-17T16:00:32Z,130,0.360620351703,0poqgdt3,qwen36_35b_resume679_async_formal_16x16-20260717155950,2026-07-17T16:00:32Z,124
135,705,,,,,,,,,,,,,,,0.419184273364,0poqgdt3,qwen36_35b_resume679_async_formal_16x16-20260717155950,2026-07-17T16:00:32Z,129
136,706,,,,,,,,,,,,,,,0.441089347991,0poqgdt3,qwen36_35b_resume679_async_formal_16x16-20260717155950,2026-07-17T16:00:32Z,131
137,707,,,,,,,,,,,,,,,0.334495368191,0poqgdt3,qwen36_35b_resume679_async_formal_16x16-20260717155950,2026-07-17T16:00:32Z,140
138,708,,,,,,,,,,,,,,,0.230142161071,0poqgdt3,qwen36_35b_resume679_async_formal_16x16-20260717155950,2026-07-17T16:00:32Z,145
139,709,0,1,0.301534743369,0.301534743369,0poqgdt3,qwen36_35b_resume679_async_formal_16x16-20260717155950,2026-07-17T16:00:32Z,156,20,20,0poqgdt3,qwen36_35b_resume679_async_formal_16x16-20260717155950,2026-07-17T16:00:32Z,156,0.302254683756,0poqgdt3,qwen36_35b_resume679_async_formal_16x16-20260717155950,2026-07-17T16:00:32Z,150
140,710,,,,,,,,,,,,,,,0.354825302862,0poqgdt3,qwen36_35b_resume679_async_formal_16x16-20260717155950,2026-07-17T16:00:32Z,155
141,711,,,,,,,,,,,,,,,0.348541230601,0poqgdt3,qwen36_35b_resume679_async_formal_16x16-20260717155950,2026-07-17T16:00:32Z,157
142,712,,,,,,,,,,,,,,,0.415638086812,0poqgdt3,qwen36_35b_resume679_async_formal_16x16-20260717155950,2026-07-17T16:00:32Z,166
143,713,,,,,,,,,,,,,,,0.329569041399,0poqgdt3,qwen36_35b_resume679_async_formal_16x16-20260717155950,2026-07-17T16:00:32Z,171
144,714,0,1,0.334000490883,0.334000490883,0poqgdt3,qwen36_35b_resume679_async_formal_16x16-20260717155950,2026-07-17T16:00:32Z,182,23,23,0poqgdt3,qwen36_35b_resume679_async_formal_16x16-20260717155950,2026-07-17T16:00:32Z,182,0.396673048244,0poqgdt3,qwen36_35b_resume679_async_formal_16x16-20260717155950,2026-07-17T16:00:32Z,176
145,715,,,,,,,,,,,,,,,0.306683631808,0poqgdt3,qwen36_35b_resume679_async_formal_16x16-20260717155950,2026-07-17T16:00:32Z,181
146,716,,,,,,,,,,,,,,,0.486820507654,0poqgdt3,qwen36_35b_resume679_async_formal_16x16-20260717155950,2026-07-17T16:00:32Z,183
147,717,,,,,,,,,,,,,,,0.29599519462,0poqgdt3,qwen36_35b_resume679_async_formal_16x16-20260717155950,2026-07-17T16:00:32Z,192
148,718,,,,,,,,,,,,,,,0.476206144721,0poqgdt3,qwen36_35b_resume679_async_formal_16x16-20260717155950,2026-07-17T16:00:32Z,197
149,719,0,1,0.312510096467,0.312510096467,0poqgdt3,qwen36_35b_resume679_async_formal_16x16-20260717155950,2026-07-17T16:00:32Z,208,22,22,0poqgdt3,qwen36_35b_resume679_async_formal_16x16-20260717155950,2026-07-17T16:00:32Z,208,0.337766651087,0poqgdt3,qwen36_35b_resume679_async_formal_16x16-20260717155950,2026-07-17T16:00:32Z,202
150,720,,,,,,,,,,,,,,,0.369129913215,0poqgdt3,qwen36_35b_resume679_async_formal_16x16-20260717155950,2026-07-17T16:00:32Z,207
151,721,,,,,,,,,,,,,,,0.300703652147,0poqgdt3,qwen36_35b_resume679_async_formal_16x16-20260717155950,2026-07-17T16:00:32Z,209
152,722,,,,,,,,,,,,,,,0.353473047464,0poqgdt3,qwen36_35b_resume679_async_formal_16x16-20260717155950,2026-07-17T16:00:32Z,218
153,723,,,,,,,,,,,,,,,0.317750586355,0poqgdt3,qwen36_35b_resume679_async_formal_16x16-20260717155950,2026-07-17T16:00:32Z,223
154,724,0,1,0.350826728318,0.350826728318,0poqgdt3,qwen36_35b_resume679_async_formal_16x16-20260717155950,2026-07-17T16:00:32Z,234,26,26,0poqgdt3,qwen36_35b_resume679_async_formal_16x16-20260717155950,2026-07-17T16:00:32Z,234,0.264760348727,0poqgdt3,qwen36_35b_resume679_async_formal_16x16-20260717155950,2026-07-17T16:00:32Z,228
155,725,,,,,,,,,,,,,,,0.413443034827,0poqgdt3,qwen36_35b_resume679_async_formal_16x16-20260717155950,2026-07-17T16:00:32Z,233
156,726,,,,,,,,,,,,,,,0.491538733356,0poqgdt3,qwen36_35b_resume679_async_formal_16x16-20260717155950,2026-07-17T16:00:32Z,237
157,727,,,,,,,,,,,,,,,0.323175142474,0poqgdt3,qwen36_35b_resume679_async_formal_16x16-20260717155950,2026-07-17T16:00:32Z,244
158,728,,,,,,,,,,,,,,,0.239508044949,0poqgdt3,qwen36_35b_resume679_async_formal_16x16-20260717155950,2026-07-17T16:00:32Z,249
159,729,0,1,0.315595778023,0.315595778023,0poqgdt3,qwen36_35b_resume679_async_formal_16x16-20260717155950,2026-07-17T16:00:32Z,260,20,20,0poqgdt3,qwen36_35b_resume679_async_formal_16x16-20260717155950,2026-07-17T16:00:32Z,260,0.308690959207,0poqgdt3,qwen36_35b_resume679_async_formal_16x16-20260717155950,2026-07-17T16:00:32Z,254
160,730,,,,,,,,,,,,,,,0.38556866831,0poqgdt3,qwen36_35b_resume679_async_formal_16x16-20260717155950,2026-07-17T16:00:32Z,259
161,731,,,,,,,,,,,,,,,0.387525700893,0poqgdt3,qwen36_35b_resume679_async_formal_16x16-20260717155950,2026-07-17T16:00:32Z,262
162,732,,,,,,,,,,,,,,,0.295910784733,0poqgdt3,qwen36_35b_resume679_async_formal_16x16-20260717155950,2026-07-17T16:00:32Z,270
163,733,,,,,,,,,,,,,,,0.365649703005,0poqgdt3,qwen36_35b_resume679_async_formal_16x16-20260717155950,2026-07-17T16:00:32Z,275
164,734,0,1,0.324020601538,0.324020601538,0poqgdt3,qwen36_35b_resume679_async_formal_16x16-20260717155950,2026-07-17T16:00:32Z,286,21,21,0poqgdt3,qwen36_35b_resume679_async_formal_16x16-20260717155950,2026-07-17T16:00:32Z,286,0.366945662445,0poqgdt3,qwen36_35b_resume679_async_formal_16x16-20260717155950,2026-07-17T16:00:32Z,280
165,735,,,,,,,,,,,,,,,0.487976012193,0poqgdt3,qwen36_35b_resume679_async_formal_16x16-20260717155950,2026-07-17T16:00:32Z,285
166,736,,,,,,,,,,,,,,,0.377497573529,0poqgdt3,qwen36_35b_resume679_async_formal_16x16-20260717155950,2026-07-17T16:00:32Z,287
167,737,,,,,,,,,,,,,,,0.342921220153,0poqgdt3,qwen36_35b_resume679_async_formal_16x16-20260717155950,2026-07-17T16:00:32Z,296
168,738,,,,,,,,,,,,,,,0.431125317991,0poqgdt3,qwen36_35b_resume679_async_formal_16x16-20260717155950,2026-07-17T16:00:32Z,301
169,739,0,1,0.359781581004,0.359781581004,0poqgdt3,qwen36_35b_resume679_async_formal_16x16-20260717155950,2026-07-17T16:00:32Z,312,25,25,0poqgdt3,qwen36_35b_resume679_async_formal_16x16-20260717155950,2026-07-17T16:00:32Z,312,0.520558305179,0poqgdt3,qwen36_35b_resume679_async_formal_16x16-20260717155950,2026-07-17T16:00:32Z,306
170,740,,,,,,,,,,,,,,,0.34356952104,0poqgdt3,qwen36_35b_resume679_async_formal_16x16-20260717155950,2026-07-17T16:00:32Z,311
171,741,,,,,,,,,,,,,,,0.35547793997,0poqgdt3,qwen36_35b_resume679_async_formal_16x16-20260717155950,2026-07-17T16:00:32Z,313
172,742,,,,,,,,,,,,,,,0.376172811652,0poqgdt3,qwen36_35b_resume679_async_formal_16x16-20260717155950,2026-07-17T16:00:32Z,322
173,743,,,,,,,,,,,,,,,0.36793836902,0poqgdt3,qwen36_35b_resume679_async_formal_16x16-20260717155950,2026-07-17T16:00:32Z,327
174,744,0,1,0.383519740895,0.383519740895,0poqgdt3,qwen36_35b_resume679_async_formal_16x16-20260717155950,2026-07-17T16:00:32Z,338,26,26,0poqgdt3,qwen36_35b_resume679_async_formal_16x16-20260717155950,2026-07-17T16:00:32Z,338,0.371715762596,0poqgdt3,qwen36_35b_resume679_async_formal_16x16-20260717155950,2026-07-17T16:00:32Z,332
175,745,,,,,,,,,,,,,,,0.551207667596,0poqgdt3,qwen36_35b_resume679_async_formal_16x16-20260717155950,2026-07-17T16:00:32Z,337
176,746,,,,,,,,,,,,,,,0.478390148296,0poqgdt3,qwen36_35b_resume679_async_formal_16x16-20260717155950,2026-07-17T16:00:32Z,339
177,747,,,,,,,,,,,,,,,0.48757028131,0poqgdt3,qwen36_35b_resume679_async_formal_16x16-20260717155950,2026-07-17T16:00:32Z,348
178,748,,,,,,,,,,,,,,,0.369573731556,0poqgdt3,qwen36_35b_resume679_async_formal_16x16-20260717155950,2026-07-17T16:00:32Z,353
179,749,0,1,0.396762813102,0.396762813102,0poqgdt3,qwen36_35b_resume679_async_formal_16x16-20260717155950,2026-07-17T16:00:32Z,364,27,27,0poqgdt3,qwen36_35b_resume679_async_formal_16x16-20260717155950,2026-07-17T16:00:32Z,364,0.369495999963,0poqgdt3,qwen36_35b_resume679_async_formal_16x16-20260717155950,2026-07-17T16:00:32Z,358
180,750,,,,,,,,,,,,,,,0.450604248659,0poqgdt3,qwen36_35b_resume679_async_formal_16x16-20260717155950,2026-07-17T16:00:32Z,363
181,751,,,,,,,,,,,,,,,0.427829584935,0poqgdt3,qwen36_35b_resume679_async_formal_16x16-20260717155950,2026-07-17T16:00:32Z,366
182,752,,,,,,,,,,,,,,,0.366510077878,0poqgdt3,qwen36_35b_resume679_async_formal_16x16-20260717155950,2026-07-17T16:00:32Z,374
183,753,,,,,,,,,,,,,,,0.35385577002,0poqgdt3,qwen36_35b_resume679_async_formal_16x16-20260717155950,2026-07-17T16:00:32Z,379
184,754,0,1,0.310897142689,0.310897142689,0poqgdt3,qwen36_35b_resume679_async_formal_16x16-20260717155950,2026-07-17T16:00:32Z,390,18,18,0poqgdt3,qwen36_35b_resume679_async_formal_16x16-20260717155950,2026-07-17T16:00:32Z,390,0.444874456805,0poqgdt3,qwen36_35b_resume679_async_formal_16x16-20260717155950,2026-07-17T16:00:32Z,384
185,755,,,,,,,,,,,,,,,0.40037565045,0poqgdt3,qwen36_35b_resume679_async_formal_16x16-20260717155950,2026-07-17T16:00:32Z,389
186,756,,,,,,,,,,,,,,,0.358830918142,0poqgdt3,qwen36_35b_resume679_async_formal_16x16-20260717155950,2026-07-17T16:00:32Z,391
187,757,,,,,,,,,,,,,,,0.365112688688,0poqgdt3,qwen36_35b_resume679_async_formal_16x16-20260717155950,2026-07-17T16:00:32Z,400
188,758,,,,,,,,,,,,,,,0.412878657445,0poqgdt3,qwen36_35b_resume679_async_formal_16x16-20260717155950,2026-07-17T16:00:32Z,405
189,759,0,1,0.315928095738,0.315928095738,0poqgdt3,qwen36_35b_resume679_async_formal_16x16-20260717155950,2026-07-17T16:00:32Z,416,23,23,0poqgdt3,qwen36_35b_resume679_async_formal_16x16-20260717155950,2026-07-17T16:00:32Z,416,0.432000783568,0poqgdt3,qwen36_35b_resume679_async_formal_16x16-20260717155950,2026-07-17T16:00:32Z,410
190,760,,,,,,,,,,,,,,,0.378336523856,0poqgdt3,qwen36_35b_resume679_async_formal_16x16-20260717155950,2026-07-17T16:00:32Z,415
191,761,,,,,,,,,,,,,,,0.496177323625,0poqgdt3,qwen36_35b_resume679_async_formal_16x16-20260717155950,2026-07-17T16:00:32Z,417
192,762,,,,,,,,,,,,,,,0.359241303309,0poqgdt3,qwen36_35b_resume679_async_formal_16x16-20260717155950,2026-07-17T16:00:32Z,426
193,763,,,,,,,,,,,,,,,0.437029226098,0poqgdt3,qwen36_35b_resume679_async_formal_16x16-20260717155950,2026-07-17T16:00:32Z,431
194,764,0,1,0.359863939224,0.359863939224,0poqgdt3,qwen36_35b_resume679_async_formal_16x16-20260717155950,2026-07-17T16:00:32Z,442,24,24,0poqgdt3,qwen36_35b_resume679_async_formal_16x16-20260717155950,2026-07-17T16:00:32Z,442,0.502786692796,0poqgdt3,qwen36_35b_resume679_async_formal_16x16-20260717155950,2026-07-17T16:00:32Z,436
195,765,,,,,,,,,,,,,,,0.284392266654,0poqgdt3,qwen36_35b_resume679_async_formal_16x16-20260717155950,2026-07-17T16:00:32Z,441
196,766,,,,,,,,,,,,,,,0.380560511134,0poqgdt3,qwen36_35b_resume679_async_formal_16x16-20260717155950,2026-07-17T16:00:32Z,443
197,767,,,,,,,,,,,,,,,0.422976053292,0poqgdt3,qwen36_35b_resume679_async_formal_16x16-20260717155950,2026-07-17T16:00:32Z,452
198,768,,,,,,,,,,,,,,,0.587164362324,0poqgdt3,qwen36_35b_resume679_async_formal_16x16-20260717155950,2026-07-17T16:00:32Z,457
199,769,0,1,0.403611030829,0.403611030829,0poqgdt3,qwen36_35b_resume679_async_formal_16x16-20260717155950,2026-07-17T16:00:32Z,468,31,31,0poqgdt3,qwen36_35b_resume679_async_formal_16x16-20260717155950,2026-07-17T16:00:32Z,468,0.435066719312,0poqgdt3,qwen36_35b_resume679_async_formal_16x16-20260717155950,2026-07-17T16:00:32Z,462
200,770,,,,,,,,,,,,,,,0.390667511679,0poqgdt3,qwen36_35b_resume679_async_formal_16x16-20260717155950,2026-07-17T16:00:32Z,467
201,771,,,,,,,,,,,,,,,0.513858208264,0poqgdt3,qwen36_35b_resume679_async_formal_16x16-20260717155950,2026-07-17T16:00:32Z,471
202,772,,,,,,,,,,,,,,,0.378031574144,0poqgdt3,qwen36_35b_resume679_async_formal_16x16-20260717155950,2026-07-17T16:00:32Z,478
203,773,,,,,,,,,,,,,,,0.291524550179,0poqgdt3,qwen36_35b_resume679_async_formal_16x16-20260717155950,2026-07-17T16:00:32Z,483
204,774,0,1,0.394669498659,0.394669498659,0poqgdt3,qwen36_35b_resume679_async_formal_16x16-20260717155950,2026-07-17T16:00:32Z,494,20,20,0poqgdt3,qwen36_35b_resume679_async_formal_16x16-20260717155950,2026-07-17T16:00:32Z,494,0.293579582141,0poqgdt3,qwen36_35b_resume679_async_formal_16x16-20260717155950,2026-07-17T16:00:32Z,488
205,775,,,,,,,,,,,,,,,0.291054121003,0poqgdt3,qwen36_35b_resume679_async_formal_16x16-20260717155950,2026-07-17T16:00:32Z,493
206,776,,,,,,,,,,,,,,,0.33835264607,0poqgdt3,qwen36_35b_resume679_async_formal_16x16-20260717155950,2026-07-17T16:00:32Z,496
207,777,,,,,,,,,,,,,,,0.5791516473,0poqgdt3,qwen36_35b_resume679_async_formal_16x16-20260717155950,2026-07-17T16:00:32Z,504
208,778,,,,,,,,,,,,,,,0.404766965332,0poqgdt3,qwen36_35b_resume679_async_formal_16x16-20260717155950,2026-07-17T16:00:32Z,509
209,779,0,1,0.373805591963,0.373805591963,0poqgdt3,qwen36_35b_resume679_async_formal_16x16-20260717155950,2026-07-17T16:00:32Z,520,23,23,0poqgdt3,qwen36_35b_resume679_async_formal_16x16-20260717155950,2026-07-17T16:00:32Z,520,0.426912996556,0poqgdt3,qwen36_35b_resume679_async_formal_16x16-20260717155950,2026-07-17T16:00:32Z,514
210,780,,,,,,,,,,,,,,,0.380839012494,0poqgdt3,qwen36_35b_resume679_async_formal_16x16-20260717155950,2026-07-17T16:00:32Z,519
211,781,,,,,,,,,,,,,,,0.33279671952,0poqgdt3,qwen36_35b_resume679_async_formal_16x16-20260717155950,2026-07-17T16:00:32Z,522
212,782,,,,,,,,,,,,,,,0.457389315638,0poqgdt3,qwen36_35b_resume679_async_formal_16x16-20260717155950,2026-07-17T16:00:32Z,530
213,783,,,,,,,,,,,,,,,0.373471081787,0poqgdt3,qwen36_35b_resume679_async_formal_16x16-20260717155950,2026-07-17T16:00:32Z,535
214,784,0,1,0.32170700616,0.32170700616,0poqgdt3,qwen36_35b_resume679_async_formal_16x16-20260717155950,2026-07-17T16:00:32Z,546,25,25,0poqgdt3,qwen36_35b_resume679_async_formal_16x16-20260717155950,2026-07-17T16:00:32Z,546,0.357736003798,0poqgdt3,qwen36_35b_resume679_async_formal_16x16-20260717155950,2026-07-17T16:00:32Z,540
215,785,,,,,,,,,,,,,,,0.265332650511,0poqgdt3,qwen36_35b_resume679_async_formal_16x16-20260717155950,2026-07-17T16:00:32Z,545
216,786,,,,,,,,,,,,,,,0.496589317897,0poqgdt3,qwen36_35b_resume679_async_formal_16x16-20260717155950,2026-07-17T16:00:32Z,547
217,787,,,,,,,,,,,,,,,0.394229624101,0poqgdt3,qwen36_35b_resume679_async_formal_16x16-20260717155950,2026-07-17T16:00:32Z,556
218,788,,,,,,,,,,,,,,,0.415209153615,0poqgdt3,qwen36_35b_resume679_async_formal_16x16-20260717155950,2026-07-17T16:00:32Z,561
219,789,,,,,,,,,,,,,,,0.36124200814,0poqgdt3,qwen36_35b_resume679_async_formal_16x16-20260717155950,2026-07-17T16:00:32Z,566
220,790,,,,,,,,,,,,,,,0.399524893062,0poqgdt3,qwen36_35b_resume679_async_formal_16x16-20260717155950,2026-07-17T16:00:32Z,571
